# index-cache: series=1999940, gateways=21052, labels=8, batch_points=20000
# extension=/home/mcotner/Documents/elixir/timeless/timeless-libsql/target/release/libtimeless_ext.so, sqlite=3.53.2
series,kind,measure,median_or_value,p95,rows
1999940,ingest,create_cycle_ms,28811,,1999940
1999940,ingest,steady_cycle_ms,9267,9369,1999940
1999940,ingest,steady_ns_per_series,4633,,1999940
1999940,read,select_exact_name,1500801,1738326,399988
1999940,read,select_name_and_mac,88773,95038,19
1999940,read,select_name_and_regex_role,683231,703284,126312
1999940,read,select_exact_name_unbounded,1497383,1540911,399988
1999940,read,select_name_and_mac_unbounded,211,424,19
1999940,read,discover_label_names,1991,2321,9
1999940,read,discover_metric_names,28,34,5
1999940,read,discover_mac_values,6966,8602,21052
1999940,memory,writer_rss_delta_kib,5707480,,
1999940,memory,writer_rss_bytes_per_series,2922,,
1999940,disk,database_bytes,1676386304,,
1999940,disk,bytes_per_series,838,,
1999940,open,open_to_first_read_ms,13220,,
1999940,open,open_rss_delta_kib,4801688,,
1999940,open,open_hwm_kib,5740772,,
1999940,disk,backfill_ms,18351,,
1999940,disk,added_bytes,244666368,,
1999940,disk,bytes_metrics_labels,794624,,
1999940,disk,bytes_sqlite_autoindex_metrics_labels_1,745472,,
1999940,disk,bytes_metrics_postings,203296768,,
1999940,disk,bytes_metrics_series_hash,39829504,,
1999940,disk,postings_bytes_per_row,11.3,,17999460
1999940,disk,added_bytes_per_series,122,,
1999940,resolve,floor_cycle_ms,920,,1999940
1999940,resolve,clock_unique_100pct_cycle_ms,1339,209,1999940
1999940,resolve,clock_unique_100pct_hit_rate,1.000,,
1999940,resolve,clock_hash_100pct_cycle_ms,1294,187,1999940
1999940,resolve,clock_hash_100pct_hit_rate,1.000,,
1999940,resolve,pinned_hash_100pct_cycle_ms,1392,236,1999940
1999940,resolve,pinned_hash_100pct_hit_rate,1.000,,
1999940,memory,resolve_cache_full_bytes,62390272,,1999940
1999940,resolve,clock_unique_50pct_cycle_ms,4878,1979,1999940
1999940,resolve,clock_unique_50pct_hit_rate,0.000,,
1999940,resolve,clock_hash_50pct_cycle_ms,5522,2301,1999940
1999940,resolve,clock_hash_50pct_hit_rate,0.000,,
1999940,resolve,pinned_hash_50pct_cycle_ms,3070,1075,1999940
1999940,resolve,pinned_hash_50pct_hit_rate,0.500,,
1999940,resolve,clock_unique_10pct_cycle_ms,5277,2179,1999940
1999940,resolve,clock_unique_10pct_hit_rate,0.000,,
1999940,resolve,clock_hash_10pct_cycle_ms,5811,2445,1999940
1999940,resolve,clock_hash_10pct_hit_rate,0.000,,
1999940,resolve,pinned_hash_10pct_cycle_ms,5106,2093,1999940
1999940,resolve,pinned_hash_10pct_hit_rate,0.100,,
1999940,resolve,clock_unique_1pct_cycle_ms,5657,2368,1999940
1999940,resolve,clock_unique_1pct_hit_rate,0.000,,
1999940,resolve,clock_hash_1pct_cycle_ms,5209,2144,1999940
1999940,resolve,clock_hash_1pct_hit_rate,0.000,,
1999940,resolve,pinned_hash_1pct_cycle_ms,4968,2024,1999940
1999940,resolve,pinned_hash_1pct_hit_rate,0.010,,
1999940,read,select_name_and_mac,34,38,19
1999940,read,select_name_and_mac_first_fresh_connection,290,,19
1999940,read,select_exact_name,184952,198418,399988
1999940,read,select_exact_name_first_fresh_connection,185174,,399988
1999940,read,select_name_and_regex_role,275641,300116,126312
1999940,read,select_name_and_regex_role_first_fresh_connection,311356,,126312
1999940,read,discover_label_names,449,463,9
1999940,read,discover_label_names_first_fresh_connection,674,,9
1999940,read,discover_metric_names,1,1,5
1999940,read,discover_metric_names_first_fresh_connection,19,,5
1999940,read,discover_mac_values,1344,1559,21052
1999940,read,discover_mac_values_first_fresh_connection,1334,,21052
1999940,memory,process_rss_kib,28904,,
1999940,memory,process_hwm_kib,124200,,
